iter_times,gain(db),dc_current,phase,GBW(MHZ)
1,117.7462,0.0002968,72.0,4494000.0
2,117.7462,0.0002968,72.0,4494000.0
3,117.7462,0.0002968,72.0,4494000.0
4,117.7462,0.0002968,72.0,4494000.0
5,117.7462,0.0002968,72.0,4494000.0
6,117.7462,0.0002968,72.0,4494000.0
7,117.7462,0.0002968,72.0,4494000.0
8,117.7462,0.0002968,72.0,4494000.0
9,117.7462,0.0002968,72.0,4494000.0
10,117.7462,0.0002968,72.0,4494000.0
11,117.7462,0.0002968,72.0,4494000.0
12,125.75097952724687,0.00015371532560035534,77.43989187008042,4255535.621274041
13,125.75097952724687,0.00015371532560035534,77.43989187008042,4255535.621274041
14,125.75097952724687,0.00015371532560035534,77.43989187008042,4255535.621274041
15,125.75097952724687,0.00015371532560035534,77.43989187008042,4255535.621274041
16,125.75097952724687,0.00015371532560035534,77.43989187008042,4255535.621274041
17,125.75097952724687,0.00015371532560035534,77.43989187008042,4255535.621274041
18,125.75097952724687,0.00015371532560035534,77.43989187008042,4255535.621274041
19,125.75097952724687,0.00015371532560035534,77.43989187008042,4255535.621274041
20,125.75097952724687,0.00015371532560035534,77.43989187008042,4255535.621274041
21,125.75097952724687,0.00015371532560035534,77.43989187008042,4255535.621274041
22,125.75097952724687,0.00015371532560035534,77.43989187008042,4255535.621274041
23,125.75097952724687,0.00015371532560035534,77.43989187008042,4255535.621274041
24,125.75097952724687,0.00015371532560035534,77.43989187008042,4255535.621274041
25,125.75097952724687,0.00015371532560035534,77.43989187008042,4255535.621274041
26,125.75097952724687,0.00015371532560035534,77.43989187008042,4255535.621274041
27,125.75097952724687,0.00015371532560035534,77.43989187008042,4255535.621274041
28,125.75097952724687,0.00015371532560035534,77.43989187008042,4255535.621274041
29,125.75097952724687,0.00015371532560035534,77.43989187008042,4255535.621274041
30,125.75097952724687,0.00015371532560035534,77.43989187008042,4255535.621274041
31,125.75097952724687,0.00015371532560035534,77.43989187008042,4255535.621274041
32,125.75097952724687,0.00015371532560035534,77.43989187008042,4255535.621274041
33,125.75097952724687,0.00015371532560035534,77.43989187008042,4255535.621274041
34,125.75097952724687,0.00015371532560035534,77.43989187008042,4255535.621274041
35,125.75097952724687,0.00015371532560035534,77.43989187008042,4255535.621274041
36,125.75097952724687,0.00015371532560035534,77.43989187008042,4255535.621274041
37,125.75097952724687,0.00015371532560035534,77.43989187008042,4255535.621274041
38,125.75097952724687,0.00015371532560035534,77.43989187008042,4255535.621274041
39,125.75097952724687,0.00015371532560035534,77.43989187008042,4255535.621274041
40,125.75097952724687,0.00015371532560035534,77.43989187008042,4255535.621274041
41,125.75097952724687,0.00015371532560035534,77.43989187008042,4255535.621274041
42,125.75097952724687,0.00015371532560035534,77.43989187008042,4255535.621274041
43,125.75097952724687,0.00015371532560035534,77.43989187008042,4255535.621274041
44,125.75097952724687,0.00015371532560035534,77.43989187008042,4255535.621274041
45,125.75097952724687,0.00015371532560035534,77.43989187008042,4255535.621274041
46,125.75097952724687,0.00015371532560035534,77.43989187008042,4255535.621274041
47,125.75097952724687,0.00015371532560035534,77.43989187008042,4255535.621274041
48,125.75097952724687,0.00015371532560035534,77.43989187008042,4255535.621274041
49,125.75097952724687,0.00015371532560035534,77.43989187008042,4255535.621274041
50,125.75097952724687,0.00015371532560035534,77.43989187008042,4255535.621274041
51,125.75097952724687,0.00015371532560035534,77.43989187008042,4255535.621274041
52,125.75097952724687,0.00015371532560035534,77.43989187008042,4255535.621274041
53,125.75097952724687,0.00015371532560035534,77.43989187008042,4255535.621274041
54,125.75097952724687,0.00015371532560035534,77.43989187008042,4255535.621274041
55,125.75097952724687,0.00015371532560035534,77.43989187008042,4255535.621274041
56,125.75097952724687,0.00015371532560035534,77.43989187008042,4255535.621274041
57,125.75097952724687,0.00015371532560035534,77.43989187008042,4255535.621274041
58,125.75097952724687,0.00015371532560035534,77.43989187008042,4255535.621274041
59,125.75097952724687,0.00015371532560035534,77.43989187008042,4255535.621274041
60,125.75097952724687,0.00015371532560035534,77.43989187008042,4255535.621274041
61,125.75097952724687,0.00015371532560035534,77.43989187008042,4255535.621274041
62,125.75097952724687,0.00015371532560035534,77.43989187008042,4255535.621274041
63,125.75097952724687,0.00015371532560035534,77.43989187008042,4255535.621274041
64,125.75097952724687,0.00015371532560035534,77.43989187008042,4255535.621274041
65,125.75097952724687,0.00015371532560035534,77.43989187008042,4255535.621274041
66,125.75097952724687,0.00015371532560035534,77.43989187008042,4255535.621274041
67,125.75097952724687,0.00015371532560035534,77.43989187008042,4255535.621274041
68,125.75097952724687,0.00015371532560035534,77.43989187008042,4255535.621274041
69,125.75097952724687,0.00015371532560035534,77.43989187008042,4255535.621274041
70,125.75097952724687,0.00015371532560035534,77.43989187008042,4255535.621274041
71,125.75097952724687,0.00015371532560035534,77.43989187008042,4255535.621274041
72,125.75097952724687,0.00015371532560035534,77.43989187008042,4255535.621274041
73,125.75097952724687,0.00015371532560035534,77.43989187008042,4255535.621274041
74,125.75097952724687,0.00015371532560035534,77.43989187008042,4255535.621274041
75,125.75097952724687,0.00015371532560035534,77.43989187008042,4255535.621274041
76,125.75097952724687,0.00015371532560035534,77.43989187008042,4255535.621274041
77,125.75097952724687,0.00015371532560035534,77.43989187008042,4255535.621274041
78,125.75097952724687,0.00015371532560035534,77.43989187008042,4255535.621274041
79,125.75097952724687,0.00015371532560035534,77.43989187008042,4255535.621274041
80,125.75097952724687,0.00015371532560035534,77.43989187008042,4255535.621274041
81,125.75097952724687,0.00015371532560035534,77.43989187008042,4255535.621274041
82,125.75097952724687,0.00015371532560035534,77.43989187008042,4255535.621274041
83,125.75097952724687,0.00015371532560035534,77.43989187008042,4255535.621274041
84,125.75097952724687,0.00015371532560035534,77.43989187008042,4255535.621274041
85,125.75097952724687,0.00015371532560035534,77.43989187008042,4255535.621274041
86,125.75097952724687,0.00015371532560035534,77.43989187008042,4255535.621274041
87,125.75097952724687,0.00015371532560035534,77.43989187008042,4255535.621274041
88,125.75097952724687,0.00015371532560035534,77.43989187008042,4255535.621274041
89,125.75097952724687,0.00015371532560035534,77.43989187008042,4255535.621274041
90,125.75097952724687,0.00015371532560035534,77.43989187008042,4255535.621274041
91,125.75097952724687,0.00015371532560035534,77.43989187008042,4255535.621274041
92,125.75097952724687,0.00015371532560035534,77.43989187008042,4255535.621274041
93,125.75097952724687,0.00015371532560035534,77.43989187008042,4255535.621274041
94,125.75097952724687,0.00015371532560035534,77.43989187008042,4255535.621274041
95,125.75097952724687,0.00015371532560035534,77.43989187008042,4255535.621274041
96,125.75097952724687,0.00015371532560035534,77.43989187008042,4255535.621274041
97,125.75097952724687,0.00015371532560035534,77.43989187008042,4255535.621274041
98,125.75097952724687,0.00015371532560035534,77.43989187008042,4255535.621274041
99,125.75097952724687,0.00015371532560035534,77.43989187008042,4255535.621274041
100,125.75097952724687,0.00015371532560035534,77.43989187008042,4255535.621274041
101,125.75097952724687,0.00015371532560035534,77.43989187008042,4255535.621274041
102,125.75097952724687,0.00015371532560035534,77.43989187008042,4255535.621274041
103,125.75097952724687,0.00015371532560035534,77.43989187008042,4255535.621274041
104,125.75097952724687,0.00015371532560035534,77.43989187008042,4255535.621274041
105,125.75097952724687,0.00015371532560035534,77.43989187008042,4255535.621274041
106,125.75097952724687,0.00015371532560035534,77.43989187008042,4255535.621274041
107,125.75097952724687,0.00015371532560035534,77.43989187008042,4255535.621274041
108,125.75097952724687,0.00015371532560035534,77.43989187008042,4255535.621274041
109,125.75097952724687,0.00015371532560035534,77.43989187008042,4255535.621274041
110,125.75097952724687,0.00015371532560035534,77.43989187008042,4255535.621274041
111,125.75097952724687,0.00015371532560035534,77.43989187008042,4255535.621274041
112,125.75097952724687,0.00015371532560035534,77.43989187008042,4255535.621274041
113,125.75097952724687,0.00015371532560035534,77.43989187008042,4255535.621274041
114,125.75097952724687,0.00015371532560035534,77.43989187008042,4255535.621274041
115,125.75097952724687,0.00015371532560035534,77.43989187008042,4255535.621274041
116,125.75097952724687,0.00015371532560035534,77.43989187008042,4255535.621274041
117,125.75097952724687,0.00015371532560035534,77.43989187008042,4255535.621274041
118,125.75097952724687,0.00015371532560035534,77.43989187008042,4255535.621274041
119,125.75097952724687,0.00015371532560035534,77.43989187008042,4255535.621274041
120,125.75097952724687,0.00015371532560035534,77.43989187008042,4255535.621274041
121,125.75097952724687,0.00015371532560035534,77.43989187008042,4255535.621274041
122,125.75097952724687,0.00015371532560035534,77.43989187008042,4255535.621274041
123,125.75097952724687,0.00015371532560035534,77.43989187008042,4255535.621274041
124,125.75097952724687,0.00015371532560035534,77.43989187008042,4255535.621274041
125,125.75097952724687,0.00015371532560035534,77.43989187008042,4255535.621274041
126,125.75097952724687,0.00015371532560035534,77.43989187008042,4255535.621274041
127,125.75097952724687,0.00015371532560035534,77.43989187008042,4255535.621274041
128,125.75097952724687,0.00015371532560035534,77.43989187008042,4255535.621274041
129,125.75097952724687,0.00015371532560035534,77.43989187008042,4255535.621274041
130,125.75097952724687,0.00015371532560035534,77.43989187008042,4255535.621274041
131,125.75097952724687,0.00015371532560035534,77.43989187008042,4255535.621274041
132,125.75097952724687,0.00015371532560035534,77.43989187008042,4255535.621274041
133,125.75097952724687,0.00015371532560035534,77.43989187008042,4255535.621274041
134,125.75097952724687,0.00015371532560035534,77.43989187008042,4255535.621274041
135,125.75097952724687,0.00015371532560035534,77.43989187008042,4255535.621274041
136,125.75097952724687,0.00015371532560035534,77.43989187008042,4255535.621274041
137,125.75097952724687,0.00015371532560035534,77.43989187008042,4255535.621274041
138,125.75097952724687,0.00015371532560035534,77.43989187008042,4255535.621274041
139,125.75097952724687,0.00015371532560035534,77.43989187008042,4255535.621274041
140,125.75097952724687,0.00015371532560035534,77.43989187008042,4255535.621274041
141,125.75097952724687,0.00015371532560035534,77.43989187008042,4255535.621274041
142,125.75097952724687,0.00015371532560035534,77.43989187008042,4255535.621274041
143,125.75097952724687,0.00015371532560035534,77.43989187008042,4255535.621274041
144,122.26040227638111,0.00013004151202917132,79.0413182892598,2791485.9848442385
145,122.26040227638111,0.00013004151202917132,79.0413182892598,2791485.9848442385
146,122.26040227638111,0.00013004151202917132,79.0413182892598,2791485.9848442385
147,122.26040227638111,0.00013004151202917132,79.0413182892598,2791485.9848442385
148,122.26040227638111,0.00013004151202917132,79.0413182892598,2791485.9848442385
149,122.26040227638111,0.00013004151202917132,79.0413182892598,2791485.9848442385
150,122.26040227638111,0.00013004151202917132,79.0413182892598,2791485.9848442385
151,122.26040227638111,0.00013004151202917132,79.0413182892598,2791485.9848442385
152,122.26040227638111,0.00013004151202917132,79.0413182892598,2791485.9848442385
153,122.26040227638111,0.00013004151202917132,79.0413182892598,2791485.9848442385
154,122.26040227638111,0.00013004151202917132,79.0413182892598,2791485.9848442385
155,122.26040227638111,0.00013004151202917132,79.0413182892598,2791485.9848442385
156,122.26040227638111,0.00013004151202917132,79.0413182892598,2791485.9848442385
157,122.26040227638111,0.00013004151202917132,79.0413182892598,2791485.9848442385
158,122.26040227638111,0.00013004151202917132,79.0413182892598,2791485.9848442385
159,122.26040227638111,0.00013004151202917132,79.0413182892598,2791485.9848442385
160,122.26040227638111,0.00013004151202917132,79.0413182892598,2791485.9848442385
161,122.26040227638111,0.00013004151202917132,79.0413182892598,2791485.9848442385
162,122.26040227638111,0.00013004151202917132,79.0413182892598,2791485.9848442385
163,122.26040227638111,0.00013004151202917132,79.0413182892598,2791485.9848442385
164,122.26040227638111,0.00013004151202917132,79.0413182892598,2791485.9848442385
165,122.26040227638111,0.00013004151202917132,79.0413182892598,2791485.9848442385
166,122.26040227638111,0.00013004151202917132,79.0413182892598,2791485.9848442385
167,122.26040227638111,0.00013004151202917132,79.0413182892598,2791485.9848442385
168,122.26040227638111,0.00013004151202917132,79.0413182892598,2791485.9848442385
169,122.26040227638111,0.00013004151202917132,79.0413182892598,2791485.9848442385
170,122.26040227638111,0.00013004151202917132,79.0413182892598,2791485.9848442385
171,122.26040227638111,0.00013004151202917132,79.0413182892598,2791485.9848442385
172,122.26040227638111,0.00013004151202917132,79.0413182892598,2791485.9848442385
173,122.26040227638111,0.00013004151202917132,79.0413182892598,2791485.9848442385
174,122.26040227638111,0.00013004151202917132,79.0413182892598,2791485.9848442385
175,122.26040227638111,0.00013004151202917132,79.0413182892598,2791485.9848442385
176,122.26040227638111,0.00013004151202917132,79.0413182892598,2791485.9848442385
177,122.26040227638111,0.00013004151202917132,79.0413182892598,2791485.9848442385
178,122.26040227638111,0.00013004151202917132,79.0413182892598,2791485.9848442385
179,122.26040227638111,0.00013004151202917132,79.0413182892598,2791485.9848442385
180,122.26040227638111,0.00013004151202917132,79.0413182892598,2791485.9848442385
181,122.26040227638111,0.00013004151202917132,79.0413182892598,2791485.9848442385
182,122.26040227638111,0.00013004151202917132,79.0413182892598,2791485.9848442385
183,122.26040227638111,0.00013004151202917132,79.0413182892598,2791485.9848442385
184,122.26040227638111,0.00013004151202917132,79.0413182892598,2791485.9848442385
185,122.26040227638111,0.00013004151202917132,79.0413182892598,2791485.9848442385
186,122.26040227638111,0.00013004151202917132,79.0413182892598,2791485.9848442385
187,122.26040227638111,0.00013004151202917132,79.0413182892598,2791485.9848442385
188,122.26040227638111,0.00013004151202917132,79.0413182892598,2791485.9848442385
189,122.26040227638111,0.00013004151202917132,79.0413182892598,2791485.9848442385
190,122.26040227638111,0.00013004151202917132,79.0413182892598,2791485.9848442385
191,122.26040227638111,0.00013004151202917132,79.0413182892598,2791485.9848442385
192,122.26040227638111,0.00013004151202917132,79.0413182892598,2791485.9848442385
193,122.26040227638111,0.00013004151202917132,79.0413182892598,2791485.9848442385
194,122.26040227638111,0.00013004151202917132,79.0413182892598,2791485.9848442385
195,122.26040227638111,0.00013004151202917132,79.0413182892598,2791485.9848442385
196,122.26040227638111,0.00013004151202917132,79.0413182892598,2791485.9848442385
197,122.26040227638111,0.00013004151202917132,79.0413182892598,2791485.9848442385
198,122.26040227638111,0.00013004151202917132,79.0413182892598,2791485.9848442385
199,122.26040227638111,0.00013004151202917132,79.0413182892598,2791485.9848442385
200,122.26040227638111,0.00013004151202917132,79.0413182892598,2791485.9848442385
201,122.26040227638111,0.00013004151202917132,79.0413182892598,2791485.9848442385
202,122.26040227638111,0.00013004151202917132,79.0413182892598,2791485.9848442385
203,122.26040227638111,0.00013004151202917132,79.0413182892598,2791485.9848442385
204,122.26040227638111,0.00013004151202917132,79.0413182892598,2791485.9848442385
205,122.26040227638111,0.00013004151202917132,79.0413182892598,2791485.9848442385
206,122.26040227638111,0.00013004151202917132,79.0413182892598,2791485.9848442385
207,122.26040227638111,0.00013004151202917132,79.0413182892598,2791485.9848442385
208,122.26040227638111,0.00013004151202917132,79.0413182892598,2791485.9848442385
209,122.26040227638111,0.00013004151202917132,79.0413182892598,2791485.9848442385
210,122.26040227638111,0.00013004151202917132,79.0413182892598,2791485.9848442385
211,122.26040227638111,0.00013004151202917132,79.0413182892598,2791485.9848442385
212,122.26040227638111,0.00013004151202917132,79.0413182892598,2791485.9848442385
213,122.26040227638111,0.00013004151202917132,79.0413182892598,2791485.9848442385
214,122.26040227638111,0.00013004151202917132,79.0413182892598,2791485.9848442385
215,122.26040227638111,0.00013004151202917132,79.0413182892598,2791485.9848442385
216,122.26040227638111,0.00013004151202917132,79.0413182892598,2791485.9848442385
217,122.26040227638111,0.00013004151202917132,79.0413182892598,2791485.9848442385
218,122.26040227638111,0.00013004151202917132,79.0413182892598,2791485.9848442385
219,122.26040227638111,0.00013004151202917132,79.0413182892598,2791485.9848442385
220,122.26040227638111,0.00013004151202917132,79.0413182892598,2791485.9848442385
221,122.26040227638111,0.00013004151202917132,79.0413182892598,2791485.9848442385
222,122.26040227638111,0.00013004151202917132,79.0413182892598,2791485.9848442385
223,122.26040227638111,0.00013004151202917132,79.0413182892598,2791485.9848442385
224,122.26040227638111,0.00013004151202917132,79.0413182892598,2791485.9848442385
225,122.26040227638111,0.00013004151202917132,79.0413182892598,2791485.9848442385
226,122.26040227638111,0.00013004151202917132,79.0413182892598,2791485.9848442385
227,122.26040227638111,0.00013004151202917132,79.0413182892598,2791485.9848442385
228,122.26040227638111,0.00013004151202917132,79.0413182892598,2791485.9848442385
229,122.26040227638111,0.00013004151202917132,79.0413182892598,2791485.9848442385
230,122.26040227638111,0.00013004151202917132,79.0413182892598,2791485.9848442385
231,122.26040227638111,0.00013004151202917132,79.0413182892598,2791485.9848442385
232,122.26040227638111,0.00013004151202917132,79.0413182892598,2791485.9848442385
233,122.26040227638111,0.00013004151202917132,79.0413182892598,2791485.9848442385
234,122.26040227638111,0.00013004151202917132,79.0413182892598,2791485.9848442385
235,122.26040227638111,0.00013004151202917132,79.0413182892598,2791485.9848442385
236,122.26040227638111,0.00013004151202917132,79.0413182892598,2791485.9848442385
237,122.26040227638111,0.00013004151202917132,79.0413182892598,2791485.9848442385
238,122.26040227638111,0.00013004151202917132,79.0413182892598,2791485.9848442385
239,122.26040227638111,0.00013004151202917132,79.0413182892598,2791485.9848442385
240,122.26040227638111,0.00013004151202917132,79.0413182892598,2791485.9848442385
241,122.26040227638111,0.00013004151202917132,79.0413182892598,2791485.9848442385
242,122.26040227638111,0.00013004151202917132,79.0413182892598,2791485.9848442385
243,122.26040227638111,0.00013004151202917132,79.0413182892598,2791485.9848442385
244,122.26040227638111,0.00013004151202917132,79.0413182892598,2791485.9848442385
245,122.26040227638111,0.00013004151202917132,79.0413182892598,2791485.9848442385
246,122.26040227638111,0.00013004151202917132,79.0413182892598,2791485.9848442385
247,122.26040227638111,0.00013004151202917132,79.0413182892598,2791485.9848442385
248,122.26040227638111,0.00013004151202917132,79.0413182892598,2791485.9848442385
249,122.26040227638111,0.00013004151202917132,79.0413182892598,2791485.9848442385
250,122.26040227638111,0.00013004151202917132,79.0413182892598,2791485.9848442385
251,122.26040227638111,0.00013004151202917132,79.0413182892598,2791485.9848442385
252,122.26040227638111,0.00013004151202917132,79.0413182892598,2791485.9848442385
253,122.26040227638111,0.00013004151202917132,79.0413182892598,2791485.9848442385
254,122.26040227638111,0.00013004151202917132,79.0413182892598,2791485.9848442385
255,122.26040227638111,0.00013004151202917132,79.0413182892598,2791485.9848442385
256,122.26040227638111,0.00013004151202917132,79.0413182892598,2791485.9848442385
257,122.26040227638111,0.00013004151202917132,79.0413182892598,2791485.9848442385
258,122.26040227638111,0.00013004151202917132,79.0413182892598,2791485.9848442385
259,122.26040227638111,0.00013004151202917132,79.0413182892598,2791485.9848442385
260,122.26040227638111,0.00013004151202917132,79.0413182892598,2791485.9848442385
261,122.26040227638111,0.00013004151202917132,79.0413182892598,2791485.9848442385
262,122.26040227638111,0.00013004151202917132,79.0413182892598,2791485.9848442385
263,122.26040227638111,0.00013004151202917132,79.0413182892598,2791485.9848442385
264,122.26040227638111,0.00013004151202917132,79.0413182892598,2791485.9848442385
265,122.26040227638111,0.00013004151202917132,79.0413182892598,2791485.9848442385
266,122.26040227638111,0.00013004151202917132,79.0413182892598,2791485.9848442385
267,122.26040227638111,0.00013004151202917132,79.0413182892598,2791485.9848442385
268,122.26040227638111,0.00013004151202917132,79.0413182892598,2791485.9848442385
269,122.26040227638111,0.00013004151202917132,79.0413182892598,2791485.9848442385
270,122.26040227638111,0.00013004151202917132,79.0413182892598,2791485.9848442385
271,122.26040227638111,0.00013004151202917132,79.0413182892598,2791485.9848442385
272,119.1542094719329,0.0001259963212896365,68.69090328246558,3846278.617970922
273,119.1542094719329,0.0001259963212896365,68.69090328246558,3846278.617970922
274,119.1542094719329,0.0001259963212896365,68.69090328246558,3846278.617970922
275,119.1542094719329,0.0001259963212896365,68.69090328246558,3846278.617970922
276,119.1542094719329,0.0001259963212896365,68.69090328246558,3846278.617970922
277,119.1542094719329,0.0001259963212896365,68.69090328246558,3846278.617970922
278,119.1542094719329,0.0001259963212896365,68.69090328246558,3846278.617970922
279,119.1542094719329,0.0001259963212896365,68.69090328246558,3846278.617970922
280,119.1542094719329,0.0001259963212896365,68.69090328246558,3846278.617970922
281,119.1542094719329,0.0001259963212896365,68.69090328246558,3846278.617970922
282,119.1542094719329,0.0001259963212896365,68.69090328246558,3846278.617970922
283,119.1542094719329,0.0001259963212896365,68.69090328246558,3846278.617970922
284,119.1542094719329,0.0001259963212896365,68.69090328246558,3846278.617970922
285,119.1542094719329,0.0001259963212896365,68.69090328246558,3846278.617970922
286,119.1542094719329,0.0001259963212896365,68.69090328246558,3846278.617970922
287,119.1542094719329,0.0001259963212896365,68.69090328246558,3846278.617970922
288,119.1542094719329,0.0001259963212896365,68.69090328246558,3846278.617970922
289,119.1542094719329,0.0001259963212896365,68.69090328246558,3846278.617970922
290,119.1542094719329,0.0001259963212896365,68.69090328246558,3846278.617970922
291,119.1542094719329,0.0001259963212896365,68.69090328246558,3846278.617970922
292,119.1542094719329,0.0001259963212896365,68.69090328246558,3846278.617970922
293,119.1542094719329,0.0001259963212896365,68.69090328246558,3846278.617970922
294,119.1542094719329,0.0001259963212896365,68.69090328246558,3846278.617970922
295,119.1542094719329,0.0001259963212896365,68.69090328246558,3846278.617970922
296,119.1542094719329,0.0001259963212896365,68.69090328246558,3846278.617970922
297,119.1542094719329,0.0001259963212896365,68.69090328246558,3846278.617970922
298,119.1542094719329,0.0001259963212896365,68.69090328246558,3846278.617970922
299,119.1542094719329,0.0001259963212896365,68.69090328246558,3846278.617970922
300,119.1542094719329,0.0001259963212896365,68.69090328246558,3846278.617970922
301,119.1542094719329,0.0001259963212896365,68.69090328246558,3846278.617970922
302,119.1542094719329,0.0001259963212896365,68.69090328246558,3846278.617970922
303,119.1542094719329,0.0001259963212896365,68.69090328246558,3846278.617970922
304,119.1542094719329,0.0001259963212896365,68.69090328246558,3846278.617970922
305,119.1542094719329,0.0001259963212896365,68.69090328246558,3846278.617970922
306,119.1542094719329,0.0001259963212896365,68.69090328246558,3846278.617970922
307,119.1542094719329,0.0001259963212896365,68.69090328246558,3846278.617970922
308,119.1542094719329,0.0001259963212896365,68.69090328246558,3846278.617970922
309,119.1542094719329,0.0001259963212896365,68.69090328246558,3846278.617970922
310,119.1542094719329,0.0001259963212896365,68.69090328246558,3846278.617970922
311,119.1542094719329,0.0001259963212896365,68.69090328246558,3846278.617970922
312,119.1542094719329,0.0001259963212896365,68.69090328246558,3846278.617970922
313,119.1542094719329,0.0001259963212896365,68.69090328246558,3846278.617970922
314,119.1542094719329,0.0001259963212896365,68.69090328246558,3846278.617970922
315,119.1542094719329,0.0001259963212896365,68.69090328246558,3846278.617970922
316,119.1542094719329,0.0001259963212896365,68.69090328246558,3846278.617970922
317,119.1542094719329,0.0001259963212896365,68.69090328246558,3846278.617970922
318,119.1542094719329,0.0001259963212896365,68.69090328246558,3846278.617970922
319,119.1542094719329,0.0001259963212896365,68.69090328246558,3846278.617970922
320,119.1542094719329,0.0001259963212896365,68.69090328246558,3846278.617970922
321,119.1542094719329,0.0001259963212896365,68.69090328246558,3846278.617970922
322,119.1542094719329,0.0001259963212896365,68.69090328246558,3846278.617970922
323,119.1542094719329,0.0001259963212896365,68.69090328246558,3846278.617970922
324,119.1542094719329,0.0001259963212896365,68.69090328246558,3846278.617970922
325,119.1542094719329,0.0001259963212896365,68.69090328246558,3846278.617970922
326,119.1542094719329,0.0001259963212896365,68.69090328246558,3846278.617970922
327,119.1542094719329,0.0001259963212896365,68.69090328246558,3846278.617970922
328,119.1542094719329,0.0001259963212896365,68.69090328246558,3846278.617970922
329,119.1542094719329,0.0001259963212896365,68.69090328246558,3846278.617970922
330,119.1542094719329,0.0001259963212896365,68.69090328246558,3846278.617970922
331,119.1542094719329,0.0001259963212896365,68.69090328246558,3846278.617970922
332,119.1542094719329,0.0001259963212896365,68.69090328246558,3846278.617970922
333,119.1542094719329,0.0001259963212896365,68.69090328246558,3846278.617970922
334,119.1542094719329,0.0001259963212896365,68.69090328246558,3846278.617970922
335,119.1542094719329,0.0001259963212896365,68.69090328246558,3846278.617970922
336,119.1542094719329,0.0001259963212896365,68.69090328246558,3846278.617970922
337,119.1542094719329,0.0001259963212896365,68.69090328246558,3846278.617970922
338,119.1542094719329,0.0001259963212896365,68.69090328246558,3846278.617970922
339,119.1542094719329,0.0001259963212896365,68.69090328246558,3846278.617970922
340,119.1542094719329,0.0001259963212896365,68.69090328246558,3846278.617970922
341,119.1542094719329,0.0001259963212896365,68.69090328246558,3846278.617970922
342,119.1542094719329,0.0001259963212896365,68.69090328246558,3846278.617970922
343,119.1542094719329,0.0001259963212896365,68.69090328246558,3846278.617970922
344,119.1542094719329,0.0001259963212896365,68.69090328246558,3846278.617970922
345,119.1542094719329,0.0001259963212896365,68.69090328246558,3846278.617970922
346,119.1542094719329,0.0001259963212896365,68.69090328246558,3846278.617970922
347,119.1542094719329,0.0001259963212896365,68.69090328246558,3846278.617970922
348,119.1542094719329,0.0001259963212896365,68.69090328246558,3846278.617970922
349,119.1542094719329,0.0001259963212896365,68.69090328246558,3846278.617970922
350,119.1542094719329,0.0001259963212896365,68.69090328246558,3846278.617970922
351,119.1542094719329,0.0001259963212896365,68.69090328246558,3846278.617970922
352,119.1542094719329,0.0001259963212896365,68.69090328246558,3846278.617970922
353,119.1542094719329,0.0001259963212896365,68.69090328246558,3846278.617970922
354,119.1542094719329,0.0001259963212896365,68.69090328246558,3846278.617970922
355,119.1542094719329,0.0001259963212896365,68.69090328246558,3846278.617970922
356,119.1542094719329,0.0001259963212896365,68.69090328246558,3846278.617970922
357,119.1542094719329,0.0001259963212896365,68.69090328246558,3846278.617970922
358,119.1542094719329,0.0001259963212896365,68.69090328246558,3846278.617970922
359,119.1542094719329,0.0001259963212896365,68.69090328246558,3846278.617970922
360,119.1542094719329,0.0001259963212896365,68.69090328246558,3846278.617970922
361,119.1542094719329,0.0001259963212896365,68.69090328246558,3846278.617970922
362,119.1542094719329,0.0001259963212896365,68.69090328246558,3846278.617970922
363,119.1542094719329,0.0001259963212896365,68.69090328246558,3846278.617970922
364,119.1542094719329,0.0001259963212896365,68.69090328246558,3846278.617970922
365,119.1542094719329,0.0001259963212896365,68.69090328246558,3846278.617970922
366,119.1542094719329,0.0001259963212896365,68.69090328246558,3846278.617970922
367,119.1542094719329,0.0001259963212896365,68.69090328246558,3846278.617970922
368,119.1542094719329,0.0001259963212896365,68.69090328246558,3846278.617970922
369,119.1542094719329,0.0001259963212896365,68.69090328246558,3846278.617970922
370,119.1542094719329,0.0001259963212896365,68.69090328246558,3846278.617970922
371,119.1542094719329,0.0001259963212896365,68.69090328246558,3846278.617970922
372,119.1542094719329,0.0001259963212896365,68.69090328246558,3846278.617970922
373,119.1542094719329,0.0001259963212896365,68.69090328246558,3846278.617970922
374,119.1542094719329,0.0001259963212896365,68.69090328246558,3846278.617970922
375,119.1542094719329,0.0001259963212896365,68.69090328246558,3846278.617970922
376,119.1542094719329,0.0001259963212896365,68.69090328246558,3846278.617970922
377,119.1542094719329,0.0001259963212896365,68.69090328246558,3846278.617970922
378,119.1542094719329,0.0001259963212896365,68.69090328246558,3846278.617970922
379,119.1542094719329,0.0001259963212896365,68.69090328246558,3846278.617970922
380,119.1542094719329,0.0001259963212896365,68.69090328246558,3846278.617970922
381,119.1542094719329,0.0001259963212896365,68.69090328246558,3846278.617970922
382,119.1542094719329,0.0001259963212896365,68.69090328246558,3846278.617970922
383,119.1542094719329,0.0001259963212896365,68.69090328246558,3846278.617970922
384,119.1542094719329,0.0001259963212896365,68.69090328246558,3846278.617970922
385,119.1542094719329,0.0001259963212896365,68.69090328246558,3846278.617970922
386,119.1542094719329,0.0001259963212896365,68.69090328246558,3846278.617970922
387,119.1542094719329,0.0001259963212896365,68.69090328246558,3846278.617970922
388,119.1542094719329,0.0001259963212896365,68.69090328246558,3846278.617970922
389,119.1542094719329,0.0001259963212896365,68.69090328246558,3846278.617970922
390,119.1542094719329,0.0001259963212896365,68.69090328246558,3846278.617970922
391,119.1542094719329,0.0001259963212896365,68.69090328246558,3846278.617970922
392,119.1542094719329,0.0001259963212896365,68.69090328246558,3846278.617970922
393,119.1542094719329,0.0001259963212896365,68.69090328246558,3846278.617970922
394,119.1542094719329,0.0001259963212896365,68.69090328246558,3846278.617970922
395,119.1542094719329,0.0001259963212896365,68.69090328246558,3846278.617970922
396,119.1542094719329,0.0001259963212896365,68.69090328246558,3846278.617970922
397,119.1542094719329,0.0001259963212896365,68.69090328246558,3846278.617970922
398,119.1542094719329,0.0001259963212896365,68.69090328246558,3846278.617970922
399,119.1542094719329,0.0001259963212896365,68.69090328246558,3846278.617970922
400,119.1542094719329,0.0001259963212896365,68.69090328246558,3846278.617970922
